author,title,description,url,urlToImage,publishedAt,content,source.id,source.name,leaning,keyword
Amanda Terkel,Joe Biden Just Gave A Totally Normal Political Speech — And It Felt So Radical,"He never chanted, ""Lock him up!""",https://www.huffpost.com/entry/joe-biden-speech-normal_n_5fa75323c5b623bfac509654,https://img.huffingtonpost.com/asset/5fa7570c240000343961f4ce.jpeg?cache=la4omnwakx&ops=1778_1000,2020-11-08T03:35:26Z,"Joe Biden greeted the nation as president-elect for the first time Saturday night, calling for decency, compassion and a fair shot for all. 
He offered an olive branch to supporters of President Don… [+2796 chars]",the-huffington-post,The Huffington Post,left,biden
Stephanie McNeal,Best TikToks Of People Celebrating Biden's Win,"""Trump, you about to lose yo' job.""",https://www.buzzfeednews.com/article/stephaniemcneal/best-tiktoks-people-celebrating-bidens-win,https://img.buzzfeed.com/buzzfeed-static/static/2020-11/7/21/campaign_images/3b1ef5ed41de/16-of-the-best-tiktoks-of-people-celebrating-bide-2-9088-1604783983-20_dblbig.jpg?resize=1200:*,2020-11-08T03:07:29.656902Z,,buzzfeed,Buzzfeed,left,biden
Mary Papenfuss,Joe Biden To Name Coronavirus Task Force Headed by Former Surgeon General On Monday,The president-elect immediately signaled the importance of the COVID-19 fight to his administration.,https://www.huffpost.com/entry/joe-biden-coronavirus-task-force-vivek-murthy_n_5fa7250cc5b66009569b1004,https://img.huffingtonpost.com/asset/5fa7300a2900004f27c6b8bc.jpeg?cache=bspjq1dj0a&ops=1778_1000,2020-11-08T00:48:07Z,"President-elect Joe Biden plans on Monday to name a 12-member coronavirus task force to be co-chaired by former Surgeon General Vivek Murthy, according to several media reports citing anonymous sourc… [+2639 chars]",the-huffington-post,The Huffington Post,left,biden
Ellie Hall,Here Are The Best Memes About Nevada Being Late To The Biden Election Party,"""Nevada finally showing up to brunch after telling us she was on her way an hour ago.""",https://www.buzzfeednews.com/article/ellievhall/nevada-memes-biden-win-late-count-pennsylvania,https://img.buzzfeed.com/buzzfeed-static/static/2020-11/7/23/campaign_images/a9d97942c6e8/here-are-the-best-memes-about-nevada-being-late-t-2-9308-1604792825-13_dblbig.jpg?resize=1200:*,2020-11-07T23:52:21.9741565Z,,buzzfeed,Buzzfeed,left,biden
Hamed Aleaziz,How DHS Employees Are Reacting To Biden's Win,“We can actually carry out our mission for the American people again.”,https://www.buzzfeednews.com/article/hamedaleaziz/dhs-ice-employees-react-to-biden-election-win,https://img.buzzfeed.com/buzzfeed-static/static/2020-11/7/21/campaign_images/5c1ed7daf952/the-chaos-may-end-how-dhs-employees-are-reacting--2-9180-1604785745-28_dblbig.jpg?resize=1200:*,2020-11-07T21:52:24.2528903Z,"The election of President-elect Joe Biden after a long, divisive campaign has been met with excitement and relief among many Department of Homeland Security employees who had been worried that the Tr… [+7319 chars]",buzzfeed,Buzzfeed,left,biden
Ellie Hall,Here Are Some Great Gritty Memes About Joe Biden Winning The Election,"Liberté, Egalité, Gritté.",https://www.buzzfeednews.com/article/ellievhall/gritty-memes-biden-philadelphia-pennsylvania,https://img.buzzfeed.com/buzzfeed-static/static/2020-11/7/21/campaign_images/f3f50a5fc486/here-are-some-great-gritty-memes-about-joe-biden--2-9128-1604783880-0_dblbig.jpg?resize=1200:*,2020-11-07T21:22:24.1787837Z,,buzzfeed,Buzzfeed,left,biden
"Dominique Mosbergen, Sara Boboltz",President Trump Releases Statement From The Golf Course On Projected Biden Win,"Biden is projected to win Pennsylvania, a battleground state whose 20 electoral votes would push him over the 270 mark, thus winning the presidential ele...",https://www.huffpost.com/entry/trump-reacts-biden-president-election-win-2020_n_5fa4c52cc5b6f21920d9aab1,https://img.huffingtonpost.com/asset/5fa4cd6b2400004b1fb03c14.jpeg?cache=bbpjtjouyo&ops=1778_1000,2020-11-07T17:20:00Z,"Moments after Democrat Joe Biden was projected to be the winner of the 2020 presidential election, President Donald Trump released a statement on Saturday declaring that his opponent is rushing to fa… [+2991 chars]",the-huffington-post,The Huffington Post,left,biden
Paul Blumenthal,Joe Biden Had To Beat Donald Trump With One Hand Tied Behind His Back,"To pull off a historic election victory, Biden had to overcome an increasingly anti-democratic process.",https://www.huffpost.com/entry/joe-biden-2020-election-obstacles_n_5fa5ab5ec5b623bfac4f43fc,https://img.huffingtonpost.com/asset/5fa5ace6240000b33761f3f1.jpeg?cache=crfpzfuxw6&ops=1778_1000,2020-11-07T16:38:57Z,"President-elect Joe Biden just did something incredibly difficult: He defeated an incumbent president for the first time in 28 years, and only the fifth time in 100. Beyond overcoming the traditional… [+6298 chars]",the-huffington-post,The Huffington Post,left,biden
Darragh Roche,"Who Is Winning the Election? Where We Stand as Biden Edges Closer to Victory, Counting Continues",The winner of the 2020 presidential election could become clear today as key states begin counting ballots again.,https://www.newsweek.com/who-winning-election-biden-victory-counting-continues-1545389,https://d.newsweek.com/en/full/1665670/supporters-president-donald-trump.jpg,2020-11-06T09:54:01Z,The presidential race hasn't been called yet as counting of ballots resumes on Friday in what may be a critical day for both candidates. Former Vice President Joe Biden leads President Donald Trump i… [+2893 chars],newsweek,Newsweek,left,biden
Rebecca Speare-Cole,"In Georgia Election, Biden Overtakes Trump for First Time During Knife-Edge Count",Joe Biden has overtaken Donald Trump in Georgia with a 49.39 percent lead amid a razor-thin race to win the key battleground state.,https://www.newsweek.com/joe-biden-georgia-lead-donald-trump-2020-election-1545371,https://d.newsweek.com/en/full/1665621/trump-v-biden.jpg,2020-11-06T09:33:19Z,"Joe Biden has passed President Donald Trump in the state of Georgia amid a razor-thin election race in the state.
The Democratic candidate overtook the incumbent president's lead, with 49.39 percent… [+976 chars]",newsweek,Newsweek,left,biden
,In pictures: America chooses Biden,"Joe Biden will be the 46th president of the United States, CNN projects, denying Donald Trump a second term in office. A victory in Biden's native Pennsylvania put the Democrat over the 270 electoral votes needed to secure the presidency.",http://us.cnn.com/2020/10/12/politics/gallery/america-votes-2020/index.html,https://cdn.cnn.com/cnnnext/dam/assets/201107213124-29-biden-harris-address-1107-super-tease.jpg,2020-11-08T04:00:34Z,"President-elect Joe Biden is joined by family members after he gave a speech in Wilmington, Delaware, on Saturday, November 7.
Updated 11:00 PM ET, Sat November 7, 2020
President-elect Joe Biden is… [+1389 chars]",cnn,CNN,mod_left,biden
CBS News,President-elect Joe Biden delivers remarks after projected victory,President-elect Joe Biden spoke to the nation on Saturday after winning the requisite electoral votes to win the presidential election. Watch his remarks here.,https://www.cbsnews.com/video/president-elect-joe-biden-delivers-remarks-after-projected-victory/,https://cbsnews3.cbsistatic.com/hub/i/r/2020/11/08/aadbe2f2-6093-4f5e-890e-3a09d3de803f/thumbnail/1200x630/f19f413dcf68d814aa399f16f9538e2d/bidenspeech-583382-640x360.jpg,2020-11-08T03:44:52+00:00,President-elect Joe Biden spoke to the nation on Saturday after winning the requisite electoral votes to win the presidential election. Watch his remarks here.,cbs-news,CBS News,mod_left,biden
CBS News,Vice President-elect Kamala Harris delivers remarks after projected victory,Vice President-elect Kamala Harris spoke to the nation on Saturday after Joe Biden was projected to win the presidential election. Watch her remarks here.,https://www.cbsnews.com/video/vice-president-elect-kamala-harris-delivers-remarks-after-projected-victory/,https://cbsnews1.cbsistatic.com/hub/i/r/2020/11/08/cb8dc7fd-d795-44e1-a5df-0bb3a1c18b8c/thumbnail/1200x630/bfc6f410af2024cc02bfe44c9d614d7c/kamalaspeech-583378-640x360.jpg,2020-11-08T03:32:47+00:00,Vice President-elect Kamala Harris spoke to the nation on Saturday after Joe Biden was projected to win the presidential election. Watch her remarks here.,cbs-news,CBS News,mod_left,biden
CBS News,Joe Biden expected to announce transition plan,"President-elect Joe Biden is expected to announce a COVID-19 task force on Monday, as the U.S. continues to break records for new cases in the country. CBS News campaign reporter Nicole Sganga and CBS News correspondent Nikole Killion joined CBSN to discuss t…",https://www.cbsnews.com/video/joe-biden-expected-to-announce-transition-plan/,https://cbsnews2.cbsistatic.com/hub/i/r/2020/11/08/c5705423-17f2-4f16-a839-d27536ba168a/thumbnail/1200x630/07dc7017c6d776886ba95d7b1b0283f0/thing-583371-640x360.jpg,2020-11-08T02:29:55+00:00,"Watch CBSN Live
Copyright © 2020 CBS Interactive Inc. All rights reserved.",cbs-news,CBS News,mod_left,biden
,Read: President-elect Joe Biden's remarks,"President-elect Joe Biden addressed the nation on November 7, hours after being projected the winner of the election.",http://us.cnn.com/2020/11/07/politics/joe-biden-president-elect-remarks/index.html,https://cdn.cnn.com/cnnnext/dam/assets/201107205627-joe-biden-victory-speech-1107-super-tease.jpg,2020-11-08T02:16:00Z,,cnn,CNN,mod_left,biden
"Maeve Reston and Stephen Collinson, CNN",President-elect Joe Biden seeks to unite nation with victory speech,"President-elect Joe Biden speaks to a deeply divided nation Saturday night, making a plea for unity after four years of turmoil and conflict fomented by President Donald Trump.",http://us.cnn.com/2020/11/07/politics/biden-victory-speech-2020-election/index.html,https://cdn.cnn.com/cnnnext/dam/assets/201107192144-biden-event-1107-super-tease.jpg,2020-11-08T01:18:14Z,"(CNN)President-elect Joe Biden will speak to a deeply divided nation tonight, making a plea for unity and understanding after four years of turmoil and conflict fomented by President Donald Trump, wh… [+8553 chars]",cnn,CNN,mod_left,biden
Grace Segers,Watch Live: President-elect Joe Biden and Vice President-elect Kamala Harris deliver remarks,This will be the first address Biden and Harris make after projections that they won the election.,https://www.cbsnews.com/news/president-elect-joe-biden-vice-president-elect-kamala-harris-watch-live-stream-2020-11-07/,https://cbsnews1.cbsistatic.com/hub/i/r/2020/11/07/bbf04add-16bf-4c59-905d-87df7957bc74/thumbnail/1200x630g2/f07e3884e4e5f0ab5e308ff6256cc6e2/rtx7ozua.jpg,2020-11-08T01:02:42+00:00,"President-elect Joe Biden and Vice President-elect Kamala Harris are delivering remarks on Saturday, after winning the requisite electoral votes to win the presidential election. CBS News projected t… [+3703 chars]",cbs-news,CBS News,mod_left,biden
,Biden Announces 12-Member Task Force for Coronavirus Response,,https://www.bloomberg.com/news/articles/2020-11-07/biden-to-announce-12-member-task-force-for-coronavirus-response,,2020-11-07T23:17:00+00:00,,bloomberg,Bloomberg,mod_left,biden
CBS News,Nation reacts after Joe Biden is projected to win the 2020 election,Biden is projected to win the electoral votes needed to be declared the 46th president of the United States.,https://www.cbsnews.com/pictures/2020-election-results-nation-reacts/,https://cbsnews2.cbsistatic.com/hub/i/r/2020/11/07/48017ef0-95d5-4b49-86b0-134f54ea1112/thumbnail/1200x630/c155ae577b1b3adde4b04ae5c7c58093/ap-20312614481173.jpg,2020-11-07T23:00:20+00:00,Biden is projected to win the electoral votes needed to be declared the 46th president of the United States.,cbs-news,CBS News,mod_left,biden
T.C. Sottek,President Trump is defeated: the timeline is restored,President Trump just lost the election to Joe Biden. Now it’s time to restore our timeline — and reclaim some joy.,https://www.theverge.com/2020/11/7/21548036/election-2020-joe-biden-wins-president-trump-defeated,https://cdn.vox-cdn.com/thumbor/bOEO2j-0uwUfcFZGdsGhBUsqtFM=/0x151:3004x1724/fit-in/1200x630/cdn.vox-cdn.com/uploads/chorus_asset/file/22010364/1228916056.jpg,2020-11-07T16:28:58Z,"Youre fired
Photo by Saul Loeb / AFP via Getty Images
After years of chaos, extremism, and death, Americans have chosen to remove President Donald Trump from office. Despite the presidents attempt … [+1708 chars]",the-verge,The Verge,mod_left,biden
,Joe Biden Wins U.S. Presidency After Bitter Contest With Trump,,https://www.bloomberg.com/news/articles/2020-11-07/joe-biden-wins-u-s-presidency-after-bitter-contest-with-trump,,2020-11-07T16:26:00+00:00,,bloomberg,Bloomberg,mod_left,biden
"Stefan Becket, Melissa Quinn, Grace Segers, Audrey McNamara, Kathryn Watson, Sarah Lynch Baldwin",2020 Election Live Updates: Biden leads as vote count continues in key states,The race for the presidency remains uncalled.,https://www.cbsnews.com/live-updates/2020-election-live-updates-2020-11-07/,https://cbsnews2.cbsistatic.com/hub/i/r/2020/11/07/af0a516c-c77c-4129-b569-e9b5df80a810/thumbnail/1200x630/f311cef0827ea3710a9f4bceaac2e1e9/gettyimages-1229491276.jpg,2020-11-07T13:53:22+00:00,"Biden delivers remarks as final votes are cou...07:35
Biden took the stage at Chase Center in Wilmington, Delaware, for a late-night address Friday to the nation. He declared ""look at the national n… [+1185 chars]",cbs-news,CBS News,mod_left,biden
NBC Universal,Live election results 2020: Latest vote count as Joe Biden leads in swing states,"Live presidential election results and updated vote count as Joe Biden leads President Trump in key swing states of Georgia, Pennsylvania, Arizona and Nevada.",https://www.nbcnews.com/politics/2020-election/live-blog/2020-11-07-trump-biden-election-results-n1246882,https://media1.s-nbcnews.com/j/newscms/2020_45/3425842/201104-post-election-live-blog-main-cover-cs_677f87a787c5da5efad0d320bdbc0748.nbcnews-fp-1200-630.jpg,2020-11-07T11:18:00Z,"Biden predicts win, calls for unity, as presidential race still undecided
WILMINGTON, Del. Joe Biden on Friday night once again predicted victory in the 2020 race, calling for unity after the final … [+3748 chars]",nbc-news,NBC News,mod_left,biden
"By <a href=""/profiles/meg-wagner"">Meg Wagner</a>, <a href=""/profiles/fernando-alfonso-iii"">Fernando Alfonso III</a>, Melissa Macaya, <a href=""/profiles/melissa-mahtani"">Melissa Mahtani</a>, <a href=""/profiles/veronica-rocha"">Veronica Rocha</a> and <a href=""/profiles/amanda-wills"">Amanda Wills</a>, CNN",Election results live: Joe Biden elected president,Joe Biden has won the presidency. Follow here for the latest.,https://www.cnn.com/politics/live-news/trump-biden-election-results-11-07-20/h_b26179e4615d299ab906f5880dc0fc98,https://dynaimage.cdn.cnn.com/cnn/digital-images/org/9eb60051-c3a2-4fb2-9255-64d307e7b1b7.jpg,2020-11-07T11:02:11Z,"President-elect Joe Biden sent a message to those who voted for President Trump, calling for unity and reconciliation. 
""Now for all those of you who voted for President Trump, I understand your dis… [+1023 chars]",cnn,CNN,mod_left,biden
"By <a href=""/profiles/meg-wagner"">Meg Wagner</a>, <a href=""/profiles/fernando-alfonso-iii"">Fernando Alfonso III</a>, Melissa Macaya, <a href=""/profiles/melissa-mahtani"">Melissa Mahtani</a>, <a href=""/profiles/veronica-rocha"">Veronica Rocha</a> and <a href=""/profiles/amanda-wills"">Amanda Wills</a>, CNN",Election results live: Joe Biden elected president,Joe Biden has won the presidency. Follow here for the latest.,https://www.cnn.com/politics/live-news/trump-biden-election-results-11-07-20/h_1af716903b7402bc31d79033b2667d8c,https://cdn.cnn.com/cnnnext/dam/assets/201030082605-04-trump-biden-election-night-split-super-tease.jpg,2020-11-07T11:02:11Z,"The cars have started to arrive in the parking lot of the Chase Center for the biggest show in Wilmington, Delaware, tonight: A drive-in rally for the victory rally for President-elect Joe Biden and … [+853 chars]",cnn,CNN,mod_left,biden
"By <a href=""/profiles/meg-wagner"">Meg Wagner</a>, <a href=""/profiles/fernando-alfonso-iii"">Fernando Alfonso III</a>, Melissa Macaya, <a href=""/profiles/melissa-mahtani"">Melissa Mahtani</a>, <a href=""/profiles/veronica-rocha"">Veronica Rocha</a> and <a href=""/profiles/amanda-wills"">Amanda Wills</a>, CNN",Election results live: Joe Biden elected president,Joe Biden has won the presidency. Follow here for the latest.,https://www.cnn.com/politics/live-news/trump-biden-election-results-11-07-20/h_0ad95627e7d03a19231b55127e9b39d3,https://cdn.cnn.com/cnnnext/dam/assets/201030082605-04-trump-biden-election-night-split-super-tease.jpg,2020-11-07T11:02:11Z,"Minnesota Sen. Amy Klobuchar said that President-elect Joe Biden and Vice President-elect Kamala Harris will work on building a big coalition to unite Democratic and GOP lawmakers. 
I was buoyed by … [+1658 chars]",cnn,CNN,mod_left,biden
,Race for presidency narrows as vote counting continues,"While six states continue to count ballots on Nov. 5, Democratic nominee Joe Biden is closing in on an electoral college victory, and President Trump’s campaign is mounting legal challenges. The Post’s Libby Casey will anchor live coverage and be joined by re…",https://www.washingtonpost.com/video/national/race-for-presidency-narrows-as-vote-counting-continues/2020/11/05/6defde7f-9dbd-4aa4-a531-042310735f54_live.html,https://www.washingtonpost.com/pbox.php?url=https://d1i4t8bqe7zgj6.cloudfront.net/11-05-2020/t_bfd568d0cfed4e20bcd436777920dcbc_name__OiNQk18.png&w=1484&op=resize&opt=1&filter=antialias&t=20170517,2020-11-05T15:52:55.0341816Z,,the-washington-post,The Washington Post,mod_left,biden
NBC News,Presidential election results: Live map of 2020 electoral votes,"Results of the 2020 U.S. presidential election, including electoral votes between Trump and Biden in each state, and who is winning the popular vote.",https://www.nbcnews.com/politics/2020-elections/president-results,https://firecracker-cms.s3.amazonaws.com/cms-files/production/images/uploads/201013-election-president-polls-social-cs_4bfc07c7e4ae15217e45905d7405d6ef.jpg,2020-09-10T19:00:00Z,"The expected vote is the total number of votes that are expected in a given race once all votes are counted. This number is an estimate and is based on several different factors, including informatio… [+473 chars]",nbc-news,NBC News,mod_left,biden
BBC News,'My message to Republican friends',Supporters of US President-Elect Joe Biden give their message to people who voted for Donald Trump.,http://www.bbc.co.uk/news/election-us-2020-54859464,https://ichef.bbci.co.uk/images/ic/400xn/p08xrfx3.jpg,2020-11-08T03:22:24.4594575Z,"US President-Elect Joe Biden has spoken of his wish to ""unify"" the United States, in his first speech since his election win.
Some of those who voted for Joe Biden tell the BBC what their message wo… [+86 chars]",bbc-news,BBC News,moderate,biden
Jonathan Easley,Biden vows to heal divided nation | TheHill,President-elect Joe Biden in a victory speech Saturday night vowed to heal a nation to...,http://thehill.com/homenews/campaign/524992-biden-vows-to-heal-divided-nation,https://thehill.com/sites/default/files/bidenjoebidenjill.victory.1107.jpg,2020-11-08T03:08:17Z,"President-elect Joe BidenJoe BidenBiden claims a 'mandate' to govern, calls for end to 'partisan warfare'Mark Meadows tests positive for coronavirusTrump supporters scream at Telemundo reporter durin… [+6408 chars]",the-hill,The Hill,moderate,biden
BBC News,"US election 2020: Time to heal, Biden says in address to nation","The Democrat addresses the nation after winning enough votes to defeat Donald Trump, according to projections.",http://www.bbc.co.uk/news/live/election-us-2020-54786937,https://m.files.bbci.co.uk/modules/bbc-morph-news-waf-page-meta/4.1.4/bbc_news_logo.png,2020-11-08T02:52:32.0596524Z,"From talking about Biden's family, Harris moves into discussing her own - and what this moment means for women.
Harris says her mother ""believed so deeply in an America where a moment like this is p… [+810 chars]",bbc-news,BBC News,moderate,biden
,Crowds React to President-Elect Joe Biden’s Win,"Around the country, Americans reacted to the news of Joe Biden’s win after the Associated Press and other news organizations called the presidential election in favor of the former vice president. Photo: Getty Images",https://www.wsj.com/video/crowds-react-to-president-elect-joe-bidens-win/F2D8F828-8CF1-4DAE-AD7B-170F5B02D3C8.html,http://m.wsj.net/video/20201107/bidenwinsightsandsounds/bidenwinsightsandsounds_1280x720.jpg,2020-11-08T01:52:41.0929201Z,"Inside the Tear of God: A Unique House on Crete That Filters the Sun
9/7/2020For his home on Crete, Greeces largest island, George Kalykakis wanted something unique. He got a sculptural structure, n… [+117 chars]",the-wall-street-journal,The Wall Street Journal,moderate,biden
BBC News,Biden voter welcomed at Trump rally,There was a moment of unity between three very different Trump and Biden supporters at a Trump rally in Arizona.,http://www.bbc.co.uk/news/election-us-2020-54859539,https://ichef.bbci.co.uk/images/ic/400xn/p08xrdv6.jpg,2020-11-08T01:52:22.6131402Z,"There was a moment of unity between three very different Trump and Biden supporters at a Trump rally in Arizona. 
Speaking to the BBC's Sophie Long, the voters displayed a civility rarely seen betwe… [+40 chars]",bbc-news,BBC News,moderate,biden
"Bojan Pancevski, Paul Vieira, Ann Simmons",World Leaders Ready Themselves for a Biden Presidency,"Global leaders congratulated Joe Biden on his election win, as some allies of President Trump stayed silent",https://www.wsj.com/articles/world-leaders-ready-themselves-for-a-biden-presidency-11604798959,https://images.wsj.net/im-256901/social,2020-11-08T01:29:00Z,"After a drawn-out vote count that transfixed not just the U.S. but most of the world, many global leaders on Saturday were quick to respond to former Vice President Joe Bidens election victory, with … [+326 chars]",the-wall-street-journal,The Wall Street Journal,moderate,biden
BBC News,US election result: What Biden's victory means for rest of world,From Beijing to Berlin - the BBC looks at the impact of the ideological shift in the White House.,http://www.bbc.co.uk/news/election-us-2020-54801409,https://ichef.bbci.co.uk/news/1024/branded_news/F093/production/_115278516_biden_world_reacts_976.png,2020-11-07T23:37:23.1477039Z,"image copyrightGetty Images
image captionThe knife-edge vote has been closely watched abroad
After days of uncertainty, Joe Biden has won the US presidential election, BBC projections show. 
Durin… [+16659 chars]",bbc-news,BBC News,moderate,biden
Reid Wilson,On The Trail: Biden's bet pays off | TheHill,Joseph Robinette Biden Jr. launched his campaign for the White House a year and a half...,http://thehill.com/homenews/campaign/524952-on-the-trail-bidens-bet-pays-off,https://thehill.com/sites/default/files/bidenjoe3_110620getty.jpg,2020-11-07T18:36:34Z,"Joseph Robinette Biden Jr. launched his campaign for the White House a year and a half ago on a promise to restore the soul of the nation, a foundational bet that Americans were weary of the tumult o… [+6695 chars]",the-hill,The Hill,moderate,biden
Gerald F. Seib,How Biden Could Turn a Fractured Picture to His Advantage,An almost evenly divided Senate and a more closely divided House could be a combination that empowers moderates in both parties,https://www.wsj.com/articles/how-biden-could-turn-a-fractured-picture-to-his-advantage-11604772088,https://images.wsj.net/im-256788/social,2020-11-07T18:01:00Z,"At first glance, the 2020 election might seem to have produced the political equivalent of a dumpster fire: a deeply divided country, a bitterly contested presidential election and the prospect of di… [+307 chars]",the-wall-street-journal,The Wall Street Journal,moderate,biden
Jonathan Easley,Grueling vote count ends in Biden victory | TheHill,Joe Biden has won the White House after a grueling vote count that kept the nation on edge for fi...,http://thehill.com/homenews/campaign/524949-grueling-vote-count-ends-in-biden-victory,https://thehill.com/sites/default/files/newsletter-biden_102620getty.jpg,2020-11-07T17:59:02Z,"Joe BidenJoe BidenBiden claims a 'mandate' to govern, calls for end to 'partisan warfare'Mark Meadows tests positive for coronavirusTrump supporters scream at Telemundo reporter during live broadcast… [+7040 chars]",the-hill,The Hill,moderate,biden
Greg Ip,"For Business, Biden Bodes a Less Hospitable but More Predictable Presidency",Agenda of higher taxes and regulations could be restrained by Senate and conservative judges,https://www.wsj.com/articles/for-business-biden-bodes-a-less-hospitable-but-more-predictable-presidency-11604771135,https://images.wsj.net/im-255311/social,2020-11-07T17:45:00Z,"The election looks like it may yield a dream scenario for business: a moderate Democratic president whose more aggressive plans cant pass the Senate, but who eschews the unpredictability that has oft… [+142 chars]",the-wall-street-journal,The Wall Street Journal,moderate,biden
Max Greenwood,"Biden calls for unity, healing after capturing the presidency | TheHill",President-elect Joe Biden called on a deeply divided United States to come together and “heal” on...,http://thehill.com/homenews/campaign/524937-biden-calls-for-unity-healing-after-capturing-the-presidency,https://thehill.com/sites/default/files/bidenjoe2_11042020getty.jpg,2020-11-07T17:10:31Z,"President-elect Joe BidenJoe BidenBiden claims a 'mandate' to govern, calls for end to 'partisan warfare'Mark Meadows tests positive for coronavirusTrump supporters scream at Telemundo reporter durin… [+2230 chars]",the-hill,The Hill,moderate,biden
Morgan Chalfant,"Trump refuses to accept Biden victory, promises legal challenges | TheHill",President Trump on Saturday signaled he would not accept Joe Biden being projecte...,http://thehill.com/homenews/campaign/524935-trump-refuses-to-accept-biden-victory-promises-legal-challenges,https://thehill.com/sites/default/files/trumpdonald_110420getty_pentagon.jpg,2020-11-07T16:56:29Z,,the-hill,The Hill,moderate,biden
Amie Parnes,How Biden got across the finish line | TheHill,There were many moments in Joe Biden’s campaign when his aides thought they would never reach the...,http://thehill.com/homenews/administration/524934-how-biden-got-across-the-finish-line,https://thehill.com/sites/default/files/bidenjoe_110620getty_long-election.jpg,2020-11-07T16:48:27Z,"There were many moments in Joe BidenJoe BidenBiden claims a 'mandate' to govern, calls for end to 'partisan warfare'Mark Meadows tests positive for coronavirusTrump supporters scream at Telemundo rep… [+8844 chars]",the-hill,The Hill,moderate,biden
"Michael C. Bender, Sabrina Siddiqui","Joe Biden Wins 2020 Presidential Election, AP Says",Kamala Harris becomes first woman elected vice president; Trump contests results in key states,https://www.wsj.com/articles/joe-biden-wins-2020-presidential-election-ap-says-11604766914,https://images.wsj.net/im-256726/social,2020-11-07T16:35:00Z,"Joe Biden will be the next president of the United States after crossing 270 electoral votes, the Associated Press said, following a campaign in which he focused on tackling the coronavirus pandemic … [+184 chars]",the-wall-street-journal,The Wall Street Journal,moderate,biden
Reid Wilson,Biden defeats Trump to win presidency | TheHill,"Joe Biden has won election as the nation’s 46th president, defeating Donald Trump and ending hi...",http://thehill.com/homenews/campaign/524222-biden-defeats-trump-to-win-presidency,https://thehill.com/sites/default/files/bidenjoe1_10282020_gettyimages.jpg,2020-11-07T16:33:07Z,"The Hill 1625 K Street, NW Suite 900 Washington DC 20006 | 202-628-8500 tel | 202-628-8503 fax
The contents of this site are ©2020 Capitol Hill Publishing Corp., a subsidiary of News Communications,… [+4 chars]",the-hill,The Hill,moderate,biden
Fox News,Vice President-elect Kamala Harris delivers victory speech,"President-elect Joe Biden, incoming Vice President Kamala Harris gives victory speech.",https://video.foxnews.com/v/6208078005001/,https://cf-images.us-east-1.prod.boltdns.net/v1/static/694940094001/4c6d4136-3be9-4ac5-ba4d-f657c9446bb8/bf001b16-f05c-4ae7-a555-6fecd2967b93/1280x720/match/image.jpg,2020-11-08T02:52:19.7502138Z,,fox-news,Fox News,mod_right,biden
Fox News,President-elect Joe Biden delivers victory speech to the nation,"President-elect Joe Biden, incoming Vice President Kamala Harris gives victory speech.",https://video.foxnews.com/v/6208077910001/,https://cf-images.us-east-1.prod.boltdns.net/v1/static/694940094001/63f8a52c-fc5b-4c6e-8477-ff5168945a09/920b5417-d978-408e-809f-8a962942450d/1280x720/match/image.jpg,2020-11-08T02:52:18.125619Z,,fox-news,Fox News,mod_right,biden
Fox News,"Michelle Obama congratulates Biden and Harris, adds dig at Trump","Democrats have ""a lot of work to do"" to ""connect"" with Trump voters, Michelle Obama said.",https://www.foxnews.com/politics/michelle-obama-biden-harris-president-congratulations-message,https://static.foxnews.com/foxnews.com/content/uploads/2020/08/Michelle-Obama.jpg,2020-11-08T02:37:23.543432Z,"Former first lady Michelle Obama congratulated her husband's former running mate, President-elect Joe Biden, and Vice President-elect Kamala Harris after Biden was projected to win the presidency Sat… [+2410 chars]",fox-news,Fox News,mod_right,biden
Fox News,"Biden preaches unity, promises to address coronavirus crisis in first speech as president-elect","President-elect Biden and Vice President-elect Harris will address supporters Saturday evening in Wilmington, Del., after earlier today claiming victory in the presidential election after the Fox News Decision Desk projected that they will defeat President Tr…",https://www.foxnews.com/politics/biden-harris-victory-speech-46th-president-united-states,https://static.foxnews.com/foxnews.com/content/uploads/2020/11/AP20308858160529-e1604775103187.jpg,2020-11-08T02:22:20.2564005Z,"President-elect Joe Biden on Saturday night claimed ""a clear victory"" and preached unity as he addressed supporters in Wilmington, Del., after earlier in the day taking a projected victory in a conte… [+6901 chars]",fox-news,Fox News,mod_right,biden
Fox News,CNN doesn't sound alarm of COVID 'superspreaders' as thousands celebrate Biden win in the streets,"CNN has become the go-to network over the past several months for its alarmist coverage of the coronavirus outbreak, but the anti-Trump network sang a different tune on Saturday as thousands gather in cities across the country to celebrate Joe Biden's electio…",https://www.foxnews.com/media/2020-election-biden-superspreaders-covid-street-parties,https://static.foxnews.com/foxnews.com/content/uploads/2020/11/Election-Reactions-NYC-DC-AP-THUMB-3.jpg,2020-11-07T22:52:24.6712226Z,"Over the past eight months, CNN has become the go-to network for alarmist coverage of the coronavirus outbreak, but the anti-Trump channel sang a different tune on Saturday as thousands gathered in c… [+2912 chars]",fox-news,Fox News,mod_right,biden
Fox News,Crowds gather in Times Square after Biden projected to win election,"Sen. Chuck Schumer, NYC Mayor de Blasio tweet congratulations to the president-elect; Alex Hogan reports.",https://video.foxnews.com/v/6208046015001/,https://cf-images.us-east-1.prod.boltdns.net/v1/static/694940094001/20782a6c-a3cd-4440-be3d-89910408bdca/c0cd0e3a-f7f4-4aeb-92e0-b68f52198646/1280x720/match/image.jpg,2020-11-07T22:22:20.6096166Z,,fox-news,Fox News,mod_right,biden
Valerie Richardson,Conservatives dispute Biden victory: 'The media does not get to call the election',Conservatives pushed back Saturday against the decision by media outlets to declare former Vice President Joseph R. Biden the winner of the 2020 presidential election.,https://www.washingtontimes.com/news/2020/nov/7/conservatives-dispute-biden-victory-media-does-not/,https://twt-thumbs.washtimes.com/media/image/2020/09/24/AP19281803515602_c0-228-5472-3420_s1200x700.jpg?f89739662670662341638fe34403095f75f3e118,2020-11-07T21:47:57Z,"Conservatives pushed back Saturday against the decision by media outlets to declare former Vice President Joseph R. Biden the winner of the 2020 presidential election.
“The media do not get to deter… [+3021 chars]",the-washington-times,The Washington Times,mod_right,biden
Fox News,Trump accuses Biden of 'rushing to falsely pose as winner',"Moments after Joe Biden was projected to be the victor in the 2020 election, President Trump accused the Democrat of ""rushing to falsely pose as the winner"" and vowed to go forward with pending litigation.",https://www.foxnews.com/politics/trump-accuses-president-elect-biden-of-rushing-to-falsely-pose-as-the-winner,https://static.foxnews.com/foxnews.com/content/uploads/2020/11/AP20311002277663.jpg,2020-11-07T21:37:22.8418728Z,"Moments after Joe Biden was projected to be the victor in the 2020 election, President Trump accused the Democrat of ""rushing to falsely pose as the winner"" and vowed to go forward with lawsuits cont… [+1644 chars]",fox-news,Fox News,mod_right,biden
David Sherfinski,Joe Biden: 'It's time for our better angels to prevail',"Presumptive President-elect Joseph R. Biden said Saturday evening that he plans to be a president for all Americans and that he'll hit the ground running to try to ""heal"" the country as he claimed a mandate from the American people to govern cooperatively and…",https://www.washingtontimes.com/news/2020/nov/7/biden-speech-better-angels-nature-prevail/,https://twt-thumbs.washtimes.com/media/image/2020/11/07/aptopix_election_2020_biden_15398_c0-0-3808-2221_s1200x700.jpg?de4f79afff512b047b0e5c7f28b75b328aa49e8f,2020-11-07T21:13:01Z,Presumptive President-elect Joseph R. Biden said Saturday evening that he plans to be a president for all Americans and that he’ll hit the ground running to try to “heal” the country as he claimed a … [+5574 chars],the-washington-times,The Washington Times,mod_right,biden
Fox News,"Brazile: 'This is not a partisan moment, this is a patriotic moment'",Fox News contributor Donna Brazile reacts to the projection that Joe Biden has been elected president,https://video.foxnews.com/v/6208023412001/,https://cf-images.us-east-1.prod.boltdns.net/v1/static/694940094001/bbf94625-7c92-4891-a7ba-8a356c2a217a/675d0ddf-e041-4f4d-85b7-c86abed9b13d/1280x720/match/image.jpg,2020-11-07T18:52:17.4542284Z,,fox-news,Fox News,mod_right,biden
Fox News,Trump to continue legal challenges after Biden’s projected win,President issues statement saying his election lawsuits in key states will move forward; John Roberts reports.,https://video.foxnews.com/v/6208017570001/,https://cf-images.us-east-1.prod.boltdns.net/v1/static/694940094001/676dfa3c-4088-4c21-8593-30bbdf6881d9/e5f6cbde-2fd3-413c-93cb-6ecb530cc320/1280x720/match/image.jpg,2020-11-07T18:37:23.1169991Z,,fox-news,Fox News,mod_right,biden
Lauren Toms,World leaders react to Biden victory,Congratulatory messages are pouring in Saturday from around the world after major news organizations called the U.S. presidential election for Democratic nominee Joseph R. Biden.,https://www.washingtontimes.com/news/2020/nov/7/world-leaders-react-biden-victory/,https://twt-thumbs.washtimes.com/media/image/2020/11/06/Virus_Outbreak_Britain_54714.jpg-7ece7_c0-266-2705-1843_s1200x700.jpg?2659e35f097de50c5cc181cbe5afb84101c3e8ff,2020-11-07T14:11:47Z,"Congratulatory messages are pouring in Saturday from around the world after major news organizations called the U.S. presidential election for Democratic nominee Joseph R. Biden.
British Prime Minis… [+1392 chars]",the-washington-times,The Washington Times,mod_right,biden
Dave Boyer,Donald Trump vows election 'far from over' after Joe Biden projected as president-elect,"President Trump said Saturday the presidential election ""is far from over"" after Democrat Joseph R. Biden was projected as the winner.",https://www.washingtontimes.com/news/2020/nov/7/donald-trump-vows-election-far-over-after-joe-bide/,https://twt-thumbs.washtimes.com/media/image/2020/11/06/Election_2020_Protests_Phoenix_97840.jpg-aeadb_c0-150-3600-2250_s1200x700.jpg?187bc123cc4510feb7f1966081317bdd024739c4,2020-11-07T11:53:30Z,"President Trump said Saturday the presidential election “is far from over” after Democrat Joseph R. Biden was projected as the winner.
“We all know why Joe Biden is rushing to falsely pose as the wi… [+1827 chars]",the-washington-times,The Washington Times,mod_right,biden
Dave Boyer,Joe Biden is projected winner of 2020 election,Presumptive President-elect Joseph R. Biden is projected to defeat President Trump in the 2020 election and become the 46th president of the United States.,https://www.washingtontimes.com/news/2020/nov/7/joe-biden-projected-winner-2020-election/,https://twt-thumbs.washtimes.com/media/image/2020/11/07/election_2020_biden_75857_c0-0-3345-1951_s1200x700.jpg?c5ff25709df88faff59a2118b54e0b03df60f174,2020-11-07T11:28:49Z,"Presumptive President-elect Joseph R. Biden is projected to defeat President Trump in the 2020 election and become the 46th president of the United States.
The Associated Press called the race for M… [+3584 chars]",the-washington-times,The Washington Times,mod_right,biden
Dr. Susan Berry,Planned Parenthood: ‘Let’s Revel’ in Media Election Call for Joe Biden,"Planned Parenthood ""reveled"" in the fact that some media outlets called the presidential race for Joe Biden, though it remains in dispute.",http://www.breitbart.com/politics/2020/11/07/planned-parenthood-lets-revel-in-media-election-call-for-biden/,https://media.breitbart.com/media/2020/09/50356172422_c30248ba1f_o-2-Copy-640x335.jpg,2020-11-08T03:06:02Z,"On Saturday Planned Parenthood and its allies celebrated that some media have called the presidential election for Democrats Joe Biden and Kamala Harris, though the race remains in dispute and the ca… [+5010 chars]",breitbart-news,Breitbart News,right,biden
John Nolte,"Nolte: If Elected, Biden Will Wield 'Phone and Pen' with Flurry of EOs",Joe Biden intends to bring back the Obama era phone and pen approach with a flurry of executive orders.,http://www.breitbart.com/politics/2020/11/07/nolte-if-elected-biden-will-wield-phone-and-pen-with-flurry-of-executive-orders/,https://media.breitbart.com/media/2020/11/Joe-Biden-with-Cell-Phone-640x335.jpg,2020-11-08T01:52:03Z,"The far-left Washington Postreports that if Joe Biden wins the presidential election, he intends to bring back the Obama era phone and pen approach with a flurry of executive orders.
“President-elec… [+2972 chars]",breitbart-news,Breitbart News,right,biden
Ildefonso Ortiz and Brandon Darby,Mexican President: Imprudent to Congratulate Biden Before Election’s Legal Issues Resolved,Mexico’s President said it is too early to congratulate any of the U.S. presidential candidates as the elections have pending legal issues.,http://www.breitbart.com/border/2020/11/07/mexican-president-imprudent-to-congratulate-biden-before-elections-legal-issues-resolved/,https://media.breitbart.com/media/2020/10/AMLO-640x335.jpg,2020-11-08T01:41:57Z,Mexicos President said it is too early to congratulate any of the U.S. presidential candidates since the elections still have several pending legal issues. In an effort to be respectful to the proces… [+1977 chars],breitbart-news,Breitbart News,right,biden
Amy Furr,Biden Supporters Scream at Texas Trump Supporters Singing National Anthem,"A group of Joe Biden (D) supporters screamed obscenities at Trump supporters while they sang the National Anthem on Saturday in Austin, Texas.",http://www.breitbart.com/2020-election/2020/11/07/watch-biden-supporters-scream-fck-fascist-usa-at-trump-supporters-singing-national-anthem/,https://media.breitbart.com/media/2020/11/Austin-Biden-Protesters-640x335.png,2020-11-08T00:58:01Z,"A group of Joe Biden (D) supporters screamed obscenities at President Donald Trump supporters as they sang the National Anthem on Saturday in Austin, Texas.
Video footage showed the Biden group stan… [+2171 chars]",breitbart-news,Breitbart News,right,biden
John Binder,Left-Wing at War with Never Trumpers Over Who Will Control Joe Biden,"The hard left is at war with ""Never Trump"" Republicans over who would potentially have more sway and influence over Democrat Joe Biden.",http://www.breitbart.com/politics/2020/11/07/left-wing-at-war-with-never-trumpers-over-control-of-joe-biden-dont-take-these-people-seriously/,https://media.breitbart.com/media/2020/11/GettyImages-1228188159-640x335.jpg,2020-11-07T23:25:05Z,"The hard-left of the Democrat Party is at war with “Never Trump” Republicans over who would potentially have more sway and influence over Democrat Joe Biden.
Former Ohio Gov. John Kasich (R), who en… [+2618 chars]",breitbart-news,Breitbart News,right,biden
